"طابع زمني","Full name (as in IFMSA scoring system)","ID number ","Telegram username ","Phone number ","which team you want to participate with?","Have you attended the corona virus workshop?"
"2020/03/05 12:01:48 ص غرينتش+3","Zainab osama yahya","4579","Zanobia01","07726048887","Breha team","Yes"
"2020/03/05 12:02:06 ص غرينتش+3","Mohammed Anas Yousif ","4095","@Stanlyz","07801766389","Breha team","Yes"
"2020/03/05 12:03:35 ص غرينتش+3","Mohammed Anas Yousif ","4095","@Stanlyz","07801766389","Breha team","Yes"
"2020/03/05 12:05:02 ص غرينتش+3","Hussein khaled maki","5923","Husseinalkhafajy","07818791137","Souq Al-Jumhoria team","Yes"
"2020/03/05 12:06:12 ص غرينتش+3","Yousif Raad Ibraheem ","5008","Yousifraad7 ","07716652772","Souq Al-Jumhoria team","No"
"2020/03/05 12:06:32 ص غرينتش+3","Sura mansour","3652 ","Suraa27","07715484500","Souq Al-Jumhoria team","Yes"
"2020/03/05 12:08:12 ص غرينتش+3","ali raed","4312","Aliraedwj","07717544058","Breha team","No"
"2020/03/05 12:09:03 ص غرينتش+3","Yaseen","4782","@ydc7o","07712046836","Breha team","No"
"2020/03/05 12:09:29 ص غرينتش+3","Jaafar Hussein Alrummani ","5225","gaferhussein ","07716860778","Breha team","Yes"
"2020/03/05 12:09:54 ص غرينتش+3","Fadak Qusay Abdulhameed ","4756","@zayum","07707143993","Souq Al-Jumhoria team","Yes"
"2020/03/05 12:11:18 ص غرينتش+3","Sarah abdullah","4306","Saraivf","07736005347","Breha team","Yes"
"2020/03/05 12:14:23 ص غرينتش+3","Saif ali abdulshaheed","5281","@saifalshahbaz","07713145533","Breha team","Yes"
"2020/03/05 12:17:13 ص غرينتش+3","Shams alaa shaker","4795","@shams_alaa","07715202575","Souq Al-Jumhoria team","Yes"
"2020/03/05 12:24:48 ص غرينتش+3","Mohammed Husam Alshati ","5229","@MohammedAlshati ","07712558011","Breha team","Yes"
"2020/03/05 12:25:50 ص غرينتش+3","Sadiq Hashim waresh","4233","@s8staff","07722578517","Breha team","Yes"
"2020/03/05 12:36:23 ص غرينتش+3","Sanderella abd-alhussein Mohammed ","4953","Sanderella_99","07806606020","Breha team","Yes"
"2020/03/05 12:36:46 ص غرينتش+3","Ali riyadh jebur","4759","@aliriyadh0","07827937920","Breha team","Yes"
"2020/03/05 12:37:35 ص غرينتش+3","Ali riyadh jebur","4759","@aliriyadh0","07827937920","Breha team","Yes"
"2020/03/05 1:11:58 ص غرينتش+3","Hussein Adel ","4688","Dr2001ha","07726608369","Souq Al-Jumhoria team","Yes"
"2020/03/05 1:12:27 ص غرينتش+3","yousef naser hanoon ","6070","YOUSEFHL ","07825331490","Breha team","Yes"
"2020/03/05 1:12:51 ص غرينتش+3","Ahmed Wisam Abdullah ","4081","@awa_919","07800361663 ","Souq Al-Jumhoria team","Yes"
"2020/03/05 2:06:06 ص غرينتش+3","Fatima Fadhil Nasser","4869","ffn38","07722040335","Breha team","No"
"2020/03/05 2:06:40 ص غرينتش+3","Diyar Riyadh Alabdallah","4931","Diyarrd","07808401520","Breha team","Yes"
"2020/03/05 10:15:36 ص غرينتش+3","فاطمة زاهي عبد","6054","dr_fo18","07725558983","Breha team","Yes"
"2020/03/05 12:26:18 م غرينتش+3","Hussein Mahmoud","5328","@p03p0","07716411890","Breha team","No"
"2020/03/05 12:29:38 م غرينتش+3","Esraa","4071","esraa254","07705756746","Breha team","No"
"2020/03/05 12:31:33 م غرينتش+3","Ibrahem kamalaldeen muhalhal ","4240","Ibrahemalsaad ","07710733598","Breha team","Yes"
"2020/03/05 12:41:56 م غرينتش+3","Sajad Hatm Warish","4760","sajad_hatm","07802747124","Souq Al-Jumhoria team","Yes"
"2020/03/05 12:42:34 م غرينتش+3","Mohamed Alwaeli","5379","mo_alwaeli","07712902504","Breha team","Yes"
"2020/03/05 12:43:36 م غرينتش+3","Ali alaa abdullah","6134","Dent_iq","07702146978","Breha team","No"
"2020/03/05 12:57:34 م غرينتش+3","مآرب حسن عبيد ","4640","@M_arib17","07711557998","Souq Al-Jumhoria team","No"
"2020/03/05 12:59:23 م غرينتش+3","Hani aqeel hameed","4837","Hani_akeel","07705612552","Breha team","No"
"2020/03/05 1:03:55 م غرينتش+3","احمد كاظم عبدالله","6309","ahmed_o01","0783 591 8119","Souq Al-Jumhoria team","No"
"2020/03/05 1:13:05 م غرينتش+3","Ali Ayad ","5842","A9L9I9 ","07721171506","Breha team","No"
"2020/03/05 1:15:56 م غرينتش+3","Hassan Auda Hassan","4603","Hy7ii","07816957360","Breha team","No"
"2020/03/05 1:17:25 م غرينتش+3","Mohamed Ahmed saddam","07711914987","M_ak9","9647711914987","Souq Al-Jumhoria team","No"
"2020/03/05 1:20:41 م غرينتش+3","mohamed jawad jabr","4408","m3_md","07814774698","Souq Al-Jumhoria team","No"
"2020/03/05 1:36:35 م غرينتش+3","Abdullah Mohammed","4679","Assdp00","+9647726626614","Breha team","Yes"
"2020/03/05 1:37:40 م غرينتش+3","Noor hussain abd alaziz","4254","Noor_alagha","07804121214","Souq Al-Jumhoria team","Yes"
"2020/03/05 1:41:55 م غرينتش+3","Rose hameed","4746","rose_ha6","07728638680","Breha team","No"
"2020/03/05 2:06:27 م غرينتش+3","Mustafa khalid ","4250","@GGMIM","07710822481","Breha team","Yes"
"2020/03/05 2:22:11 م غرينتش+3","Zaid David","4067","@zaiddavid99","07831708868","Souq Al-Jumhoria team","Yes"
"2020/03/05 3:02:52 م غرينتش+3","Zainab Ali Shayal","5783","Not_zainab","07703327963","Breha team","Yes"
"2020/03/05 3:51:52 م غرينتش+3","Zahraa Meqdad Nori ","5191","ZahraaMeqdad ","07729103166","Breha team","Yes"
"2020/03/05 3:57:41 م غرينتش+3","Zahraa Saaed Agar","5190","zahraasaeed7","07809890232","Breha team","Yes"
"2020/03/05 4:01:38 م غرينتش+3","Murtadha Hadi Al-Fayadh","4202","Murtadahadi98","07813050291","Breha team","Yes"
"2020/03/05 4:11:00 م غرينتش+3","Ahmed Hussain Ahmed","4657","ahm7ed102","+9647708736795","Breha team","Yes"
"2020/03/05 4:31:29 م غرينتش+3","Fatima Tariq Nasser ","5575","fi_41","07703269331","Breha team","Yes"
"2020/03/05 4:47:51 م غرينتش+3","Zain alabidin Neamah Assi ","6334","@zain_alabidin","07728080623","Breha team","Yes"
"2020/03/05 5:02:35 م غرينتش+3","Mujtaba Bahaa Hadi ","6044","Rx_l0 ","07509502028 ","Souq Al-Jumhoria team","No"
"2020/03/05 5:31:27 م غرينتش+3","بنين مهند علي محسن","5287","@b_m626","07711448936","Souq Al-Jumhoria team","No"
"2020/03/05 5:31:28 م غرينتش+3","Ali Mohammed Abid","5088","Ali_M0002","07703227197","Breha team","Yes"